{
  "integrations": [
    {
      "id": "a7809cc7-2321-4484-b368-669edfe116b9",
      "name": "ServiceNow IntegrationHub Inbound",
      "action": "CREATE_EVENT",
      "type": "INBOUND_WEBHOOK",
      "deployed": true,
      "form": "26460942-3d10-4c00-ad6d-f2f2fbe35232",
      "script": "var util = require('util');\nvar xmServiceNowClient = require('xm-servicenow-client');\n\n// Set up the payload\ntrigger = JSON.parse(request.body);\n\nif(trigger.properties === null || typeof trigger.properties === 'undefined') {\n    throw \"Request body has an empty 'properties' value.\";\n}\n\nif(trigger.properties.sys_id === null || typeof trigger.properties.sys_id === 'undefined') {\n    throw \"Request properties object is missing ServiceNow Incident Id value [properties.sys_id].\";\n}\n\nvar incidentId = trigger.properties.sys_id;\n\n// terminate existing events\nutil.terminateEvents({'sys_id': incidentId});\n\n// Set recipient name used in Work Notes later and remove empty recipients list if present\nvar recipientName = 'Default Recipients';\nif (trigger.recipients !== null && typeof trigger.recipients !== 'undefined'\n        && trigger.recipients.length > 0) {\n    recipientName = trigger.recipients[0].targetName;\n} else {\n    delete trigger.recipients;\n}\n\nvar json = {};\njson.recipients = [];\njson.properties = {};\njson.properties = trigger.properties;\njson.recipients.push({\"targetName\": recipientName});\n\n// Create xMatters event\nvar response = form.post(json);\n\n\n// Handle the response\nif (util.isValidStatusCode(response.statusCode)) {\n    console.log(\"Incident Alerts succeeded with response: \" + JSON.stringify(response));\n    \n} else {\n    console.log(\"Incident Alerts failed with response: \" + JSON.stringify(response));\n    throw response;\n}",
      "environment": "HOSTED",
      "authType": "BASIC"
    }
  ],
  "endpoints": [
    {
      "name": "ServiceNow",
      "baseUrl": "https://my.service-now.com",
      "type": "EXTERNAL",
      "authentication": "NO_AUTH"
    }
  ],
  "constants": [
    {
      "name": "ServiceNow xMatters Application Prefix",
      "value": "x_xma_xmatters",
      "description": "The prefix applied to all pieces of the xMatters Application within ServiceNow"
    }
  ]
}