{
  "integrations": [
    {
      "id": "81014aa1-d35f-40ca-acaa-5c5e5030edf7",
      "name": "ServiceNow IntegrationHub Inbound",
      "action": "CREATE_EVENT",
      "type": "INBOUND_WEBHOOK",
      "deployed": true,
      "form": "93d354a0-ddfa-487f-9e1a-0f712c0e0f42",
      "script": "var util = require('util');\nvar xmServiceNowClient = require('xm-servicenow-client');\n\n// Set up the payload\ntrigger = JSON.parse(request.body);\n\nif(trigger.properties === null || typeof trigger.properties === 'undefined') {\n    throw \"Request body has an empty 'properties' value.\";\n}\n\nif(trigger.properties.sys_id === null || typeof trigger.properties.sys_id === 'undefined') {\n    throw \"Request properties object is missing ServiceNow Incident Id value [properties.sys_id].\";\n}\n\nvar incidentId = trigger.properties.sys_id;\n\n// terminate existing events\nutil.terminateEvents({'sys_id': incidentId});\n\n// Set recipient name used in Work Notes later and remove empty recipients list if present\nvar recipientName = 'Default Recipients';\nif (trigger.recipients !== null && typeof trigger.recipients !== 'undefined'\n        && trigger.recipients.length > 0) {\n    recipientName = trigger.recipients[0].targetName;\n} else {\n    delete trigger.recipients;\n}\n\nvar json = {};\njson.recipients = [];\njson.properties = {}\njson.properties = trigger.properties;\njson.recipients.push({\"targetName\": trigger.recipients})\n\n// Create xMatters event\nvar response = form.post(json);\n\n\n// Handle the response\nif (util.isValidStatusCode(response.statusCode)) {\n    console.log(\"Incident Alerts succeeded with response: \" + JSON.stringify(response));\n    xmServiceNowClient = xmServiceNowClient.buildXMServiceNowClient(constants['ServiceNow xMatters Application Prefix']);\n    \n    var eventId = null; \n    // Need to parse the response body if it's a type string\n    if (typeof response.body === 'string') {\n        eventId = JSON.parse(response.body).id;\n    } else {\n        eventId = response.body.id;\n    }\n    \n    var callbackPayload = {\n        eventIdentifier: eventId,\n        targetName: recipientName,\n        eventProperties: [{\n            sys_id: incidentId\n        }]\n    };\n    \n    var createResponse = xmServiceNowClient.sendEventCreationCallback('incident', callbackPayload);\n    if (util.isValidStatusCode(createResponse.statusCode)) {\n        console.log(\"Event creation callback succeeded with response: \" + JSON.stringify(createResponse));\n    } else {\n        console.log('Failed callback to ServiceNow: ' + JSON.stringify(createResponse));\n        throw 'Failed callback to ServiceNow';\n    }\n    \n} else {\n    console.log(\"Incident Alerts failed with response: \" + JSON.stringify(response));\n    throw response;\n}",
      "environment": "HOSTED",
      "authType": "BASIC"
    }
  ],
  "endpoints": [
    {
      "name": "ServiceNow",
      "baseUrl": "https://my.service-now.com",
      "type": "EXTERNAL",
      "authentication": "NO_AUTH"
    }
  ],
  "constants": [
    {
      "name": "ServiceNow xMatters Application Prefix",
      "value": "x_xma_xmatters",
      "description": "The prefix applied to all pieces of the xMatters Application within ServiceNow"
    }
  ]
}